"error","shipping"
"Fehlerhafte Lieferung","Expressversand"
"Fehlerhafte Lieferung","Expressversand"
"Fehlerhafte Lieferung","Expressversand"
"Fehlerhafte Lieferung","Expressversand"
"Fehlerhafte Lieferung","Expressversand"
"Fehlerhafte Lieferung","Expressversand"
"Fehlerhafte Lieferung","Expressversand"
"Fehlerhafte Lieferung","Expressversand"
"Fehlerhafte Lieferung","Expressversand"
"Fehlerhafte Lieferung","Expressversand"
"Fehlerhafte Lieferung","Expressversand"
"Fehlerhafte Lieferung","Expressversand"
"Fehlerhafte Lieferung","Expressversand"
"Fehlerhafte Lieferung","Expressversand"
"Fehlerhafte Lieferung","Expressversand"
"Fehlerhafte Lieferung","Expressversand"
"Fehlerhafte Lieferung","Expressversand"
"Fehlerhafte Lieferung","Expressversand"
"Fehlerhafte Lieferung","Expressversand"
"Fehlerhafte Lieferung","Expressversand"
"Fehlerhafte Lieferung","Expressversand"
"Fehlerhafte Lieferung","Expressversand"
"Fehlerhafte Lieferung","Expressversand"
"Fehlerhafte Lieferung","Expressversand"
"Fehlerhafte Lieferung","Expressversand"
"Fehlerhafte Lieferung","Expressversand"
"Fehlerhafte Lieferung","Expressversand"
"Fehlerhafte Lieferung","Expressversand"
"Fehlerhafte Lieferung","Expressversand"
"Fehlerhafte Lieferung","Expressversand"
"Fehlerhafte Lieferung","Expressversand"
"Fehlerhafte Lieferung","Expressversand"
"Fehlerfreie Lieferung","Expressversand"
"Fehlerfreie Lieferung","Expressversand"
"Fehlerfreie Lieferung","Expressversand"
"Fehlerfreie Lieferung","Expressversand"
"Fehlerfreie Lieferung","Expressversand"
"Fehlerfreie Lieferung","Expressversand"
"Fehlerfreie Lieferung","Expressversand"
"Fehlerfreie Lieferung","Expressversand"
"Fehlerfreie Lieferung","Expressversand"
"Fehlerfreie Lieferung","Expressversand"
"Fehlerfreie Lieferung","Expressversand"
"Fehlerfreie Lieferung","Expressversand"
"Fehlerfreie Lieferung","Expressversand"
"Fehlerfreie Lieferung","Expressversand"
"Fehlerfreie Lieferung","Expressversand"
"Fehlerfreie Lieferung","Expressversand"
"Fehlerfreie Lieferung","Expressversand"
"Fehlerfreie Lieferung","Expressversand"
"Fehlerfreie Lieferung","Expressversand"
"Fehlerfreie Lieferung","Expressversand"
"Fehlerfreie Lieferung","Expressversand"
"Fehlerfreie Lieferung","Expressversand"
"Fehlerfreie Lieferung","Expressversand"
"Fehlerfreie Lieferung","Expressversand"
"Fehlerfreie Lieferung","Expressversand"
"Fehlerfreie Lieferung","Expressversand"
"Fehlerfreie Lieferung","Expressversand"
"Fehlerfreie Lieferung","Expressversand"
"Fehlerfreie Lieferung","Expressversand"
"Fehlerfreie Lieferung","Expressversand"
"Fehlerfreie Lieferung","Expressversand"
"Fehlerfreie Lieferung","Expressversand"
"Fehlerfreie Lieferung","Expressversand"
"Fehlerfreie Lieferung","Expressversand"
"Fehlerfreie Lieferung","Expressversand"
"Fehlerfreie Lieferung","Expressversand"
"Fehlerfreie Lieferung","Expressversand"
"Fehlerfreie Lieferung","Expressversand"
"Fehlerfreie Lieferung","Expressversand"
"Fehlerfreie Lieferung","Expressversand"
"Fehlerfreie Lieferung","Expressversand"
"Fehlerfreie Lieferung","Expressversand"
"Fehlerfreie Lieferung","Expressversand"
"Fehlerfreie Lieferung","Expressversand"
"Fehlerfreie Lieferung","Expressversand"
"Fehlerfreie Lieferung","Expressversand"
"Fehlerfreie Lieferung","Expressversand"
"Fehlerfreie Lieferung","Expressversand"
"Fehlerfreie Lieferung","Expressversand"
"Fehlerfreie Lieferung","Expressversand"
"Fehlerfreie Lieferung","Expressversand"
"Fehlerfreie Lieferung","Expressversand"
"Fehlerfreie Lieferung","Expressversand"
"Fehlerfreie Lieferung","Expressversand"
"Fehlerfreie Lieferung","Expressversand"
"Fehlerfreie Lieferung","Expressversand"
"Fehlerfreie Lieferung","Expressversand"
"Fehlerfreie Lieferung","Expressversand"
"Fehlerfreie Lieferung","Expressversand"
"Fehlerfreie Lieferung","Expressversand"
"Fehlerfreie Lieferung","Expressversand"
"Fehlerfreie Lieferung","Expressversand"
"Fehlerfreie Lieferung","Expressversand"
"Fehlerfreie Lieferung","Expressversand"
"Fehlerfreie Lieferung","Expressversand"
"Fehlerfreie Lieferung","Expressversand"
"Fehlerfreie Lieferung","Expressversand"
"Fehlerfreie Lieferung","Expressversand"
"Fehlerfreie Lieferung","Expressversand"
"Fehlerfreie Lieferung","Expressversand"
"Fehlerfreie Lieferung","Expressversand"
"Fehlerfreie Lieferung","Expressversand"
"Fehlerfreie Lieferung","Expressversand"
"Fehlerfreie Lieferung","Expressversand"
"Fehlerfreie Lieferung","Expressversand"
"Fehlerfreie Lieferung","Expressversand"
"Fehlerfreie Lieferung","Expressversand"
"Fehlerfreie Lieferung","Expressversand"
"Fehlerfreie Lieferung","Expressversand"
"Fehlerfreie Lieferung","Expressversand"
"Fehlerfreie Lieferung","Expressversand"
"Fehlerfreie Lieferung","Expressversand"
"Fehlerfreie Lieferung","Expressversand"
"Fehlerfreie Lieferung","Expressversand"
"Fehlerfreie Lieferung","Expressversand"
"Fehlerfreie Lieferung","Expressversand"
"Fehlerhafte Lieferung","Standardversand"
"Fehlerhafte Lieferung","Standardversand"
"Fehlerhafte Lieferung","Standardversand"
"Fehlerhafte Lieferung","Standardversand"
"Fehlerhafte Lieferung","Standardversand"
"Fehlerhafte Lieferung","Standardversand"
"Fehlerhafte Lieferung","Standardversand"
"Fehlerhafte Lieferung","Standardversand"
"Fehlerhafte Lieferung","Standardversand"
"Fehlerhafte Lieferung","Standardversand"
"Fehlerhafte Lieferung","Standardversand"
"Fehlerhafte Lieferung","Standardversand"
"Fehlerhafte Lieferung","Standardversand"
"Fehlerhafte Lieferung","Standardversand"
"Fehlerhafte Lieferung","Standardversand"
"Fehlerhafte Lieferung","Standardversand"
"Fehlerhafte Lieferung","Standardversand"
"Fehlerhafte Lieferung","Standardversand"
"Fehlerhafte Lieferung","Standardversand"
"Fehlerhafte Lieferung","Standardversand"
"Fehlerhafte Lieferung","Standardversand"
"Fehlerhafte Lieferung","Standardversand"
"Fehlerhafte Lieferung","Standardversand"
"Fehlerhafte Lieferung","Standardversand"
"Fehlerhafte Lieferung","Standardversand"
"Fehlerhafte Lieferung","Standardversand"
"Fehlerhafte Lieferung","Standardversand"
"Fehlerhafte Lieferung","Standardversand"
"Fehlerhafte Lieferung","Standardversand"
"Fehlerhafte Lieferung","Standardversand"
"Fehlerhafte Lieferung","Standardversand"
"Fehlerhafte Lieferung","Standardversand"
"Fehlerhafte Lieferung","Standardversand"
"Fehlerhafte Lieferung","Standardversand"
"Fehlerhafte Lieferung","Standardversand"
"Fehlerhafte Lieferung","Standardversand"
"Fehlerhafte Lieferung","Standardversand"
"Fehlerhafte Lieferung","Standardversand"
"Fehlerhafte Lieferung","Standardversand"
"Fehlerhafte Lieferung","Standardversand"
"Fehlerhafte Lieferung","Standardversand"
"Fehlerhafte Lieferung","Standardversand"
"Fehlerhafte Lieferung","Standardversand"
"Fehlerhafte Lieferung","Standardversand"
"Fehlerhafte Lieferung","Standardversand"
"Fehlerhafte Lieferung","Standardversand"
"Fehlerhafte Lieferung","Standardversand"
"Fehlerhafte Lieferung","Standardversand"
"Fehlerhafte Lieferung","Standardversand"
"Fehlerhafte Lieferung","Standardversand"
"Fehlerhafte Lieferung","Standardversand"
"Fehlerhafte Lieferung","Standardversand"
"Fehlerhafte Lieferung","Standardversand"
"Fehlerhafte Lieferung","Standardversand"
"Fehlerhafte Lieferung","Standardversand"
"Fehlerhafte Lieferung","Standardversand"
"Fehlerhafte Lieferung","Standardversand"
"Fehlerhafte Lieferung","Standardversand"
"Fehlerhafte Lieferung","Standardversand"
"Fehlerhafte Lieferung","Standardversand"
"Fehlerhafte Lieferung","Standardversand"
"Fehlerhafte Lieferung","Standardversand"
"Fehlerhafte Lieferung","Standardversand"
"Fehlerhafte Lieferung","Standardversand"
"Fehlerhafte Lieferung","Standardversand"
"Fehlerhafte Lieferung","Standardversand"
"Fehlerhafte Lieferung","Standardversand"
"Fehlerhafte Lieferung","Standardversand"
"Fehlerhafte Lieferung","Standardversand"
"Fehlerhafte Lieferung","Standardversand"
"Fehlerhafte Lieferung","Standardversand"
"Fehlerhafte Lieferung","Standardversand"
"Fehlerhafte Lieferung","Standardversand"
"Fehlerhafte Lieferung","Standardversand"
"Fehlerhafte Lieferung","Standardversand"
"Fehlerhafte Lieferung","Standardversand"
"Fehlerhafte Lieferung","Standardversand"
"Fehlerhafte Lieferung","Standardversand"
"Fehlerhafte Lieferung","Standardversand"
"Fehlerhafte Lieferung","Standardversand"
"Fehlerhafte Lieferung","Standardversand"
"Fehlerhafte Lieferung","Standardversand"
"Fehlerhafte Lieferung","Standardversand"
"Fehlerhafte Lieferung","Standardversand"
"Fehlerfreie Lieferung","Standardversand"
"Fehlerfreie Lieferung","Standardversand"
"Fehlerfreie Lieferung","Standardversand"
"Fehlerfreie Lieferung","Standardversand"
"Fehlerfreie Lieferung","Standardversand"
"Fehlerfreie Lieferung","Standardversand"
"Fehlerfreie Lieferung","Standardversand"
"Fehlerfreie Lieferung","Standardversand"
"Fehlerfreie Lieferung","Standardversand"
"Fehlerfreie Lieferung","Standardversand"
"Fehlerfreie Lieferung","Standardversand"
"Fehlerfreie Lieferung","Standardversand"
"Fehlerfreie Lieferung","Standardversand"
"Fehlerfreie Lieferung","Standardversand"
"Fehlerfreie Lieferung","Standardversand"
"Fehlerfreie Lieferung","Standardversand"
"Fehlerfreie Lieferung","Standardversand"
"Fehlerfreie Lieferung","Standardversand"
"Fehlerfreie Lieferung","Standardversand"
"Fehlerfreie Lieferung","Standardversand"
"Fehlerfreie Lieferung","Standardversand"
"Fehlerfreie Lieferung","Standardversand"
"Fehlerfreie Lieferung","Standardversand"
"Fehlerfreie Lieferung","Standardversand"
"Fehlerfreie Lieferung","Standardversand"
"Fehlerfreie Lieferung","Standardversand"
"Fehlerfreie Lieferung","Standardversand"
"Fehlerfreie Lieferung","Standardversand"
"Fehlerfreie Lieferung","Standardversand"
"Fehlerfreie Lieferung","Standardversand"
"Fehlerfreie Lieferung","Standardversand"
"Fehlerfreie Lieferung","Standardversand"
"Fehlerfreie Lieferung","Standardversand"
"Fehlerfreie Lieferung","Standardversand"
"Fehlerfreie Lieferung","Standardversand"
"Fehlerfreie Lieferung","Standardversand"
"Fehlerfreie Lieferung","Standardversand"
"Fehlerfreie Lieferung","Standardversand"
"Fehlerfreie Lieferung","Standardversand"
"Fehlerfreie Lieferung","Standardversand"
"Fehlerfreie Lieferung","Standardversand"
"Fehlerfreie Lieferung","Standardversand"
"Fehlerfreie Lieferung","Standardversand"
"Fehlerfreie Lieferung","Standardversand"
"Fehlerfreie Lieferung","Standardversand"
"Fehlerfreie Lieferung","Standardversand"
"Fehlerfreie Lieferung","Standardversand"
"Fehlerfreie Lieferung","Standardversand"
"Fehlerfreie Lieferung","Standardversand"
"Fehlerfreie Lieferung","Standardversand"
"Fehlerfreie Lieferung","Standardversand"
"Fehlerfreie Lieferung","Standardversand"
"Fehlerfreie Lieferung","Standardversand"
"Fehlerfreie Lieferung","Standardversand"
"Fehlerfreie Lieferung","Standardversand"
"Fehlerfreie Lieferung","Standardversand"
"Fehlerfreie Lieferung","Standardversand"
"Fehlerfreie Lieferung","Standardversand"
"Fehlerfreie Lieferung","Standardversand"
"Fehlerfreie Lieferung","Standardversand"
"Fehlerfreie Lieferung","Standardversand"
"Fehlerfreie Lieferung","Standardversand"
"Fehlerfreie Lieferung","Standardversand"
"Fehlerfreie Lieferung","Standardversand"
"Fehlerfreie Lieferung","Standardversand"
"Fehlerfreie Lieferung","Standardversand"
"Fehlerfreie Lieferung","Standardversand"
"Fehlerfreie Lieferung","Standardversand"
"Fehlerfreie Lieferung","Standardversand"
"Fehlerfreie Lieferung","Standardversand"
"Fehlerfreie Lieferung","Standardversand"
"Fehlerfreie Lieferung","Standardversand"
"Fehlerfreie Lieferung","Standardversand"
"Fehlerfreie Lieferung","Standardversand"
"Fehlerfreie Lieferung","Standardversand"
"Fehlerfreie Lieferung","Standardversand"
"Fehlerfreie Lieferung","Standardversand"
"Fehlerfreie Lieferung","Standardversand"
"Fehlerfreie Lieferung","Standardversand"
"Fehlerfreie Lieferung","Standardversand"
"Fehlerfreie Lieferung","Standardversand"
"Fehlerfreie Lieferung","Standardversand"
"Fehlerfreie Lieferung","Standardversand"
"Fehlerfreie Lieferung","Standardversand"
"Fehlerfreie Lieferung","Standardversand"
"Fehlerfreie Lieferung","Standardversand"
"Fehlerfreie Lieferung","Standardversand"
"Fehlerfreie Lieferung","Standardversand"
"Fehlerfreie Lieferung","Standardversand"
"Fehlerfreie Lieferung","Standardversand"
"Fehlerfreie Lieferung","Standardversand"
"Fehlerfreie Lieferung","Standardversand"
"Fehlerfreie Lieferung","Standardversand"
"Fehlerfreie Lieferung","Standardversand"
"Fehlerfreie Lieferung","Standardversand"
"Fehlerfreie Lieferung","Standardversand"
"Fehlerfreie Lieferung","Standardversand"
"Fehlerfreie Lieferung","Standardversand"
"Fehlerfreie Lieferung","Standardversand"
"Fehlerfreie Lieferung","Standardversand"
"Fehlerfreie Lieferung","Standardversand"
"Fehlerfreie Lieferung","Standardversand"
"Fehlerfreie Lieferung","Standardversand"
"Fehlerfreie Lieferung","Standardversand"
"Fehlerfreie Lieferung","Standardversand"
"Fehlerfreie Lieferung","Standardversand"
"Fehlerfreie Lieferung","Standardversand"
"Fehlerfreie Lieferung","Standardversand"
"Fehlerfreie Lieferung","Standardversand"
"Fehlerfreie Lieferung","Standardversand"
"Fehlerfreie Lieferung","Standardversand"
"Fehlerfreie Lieferung","Standardversand"
"Fehlerfreie Lieferung","Standardversand"
"Fehlerfreie Lieferung","Standardversand"
"Fehlerfreie Lieferung","Standardversand"
"Fehlerfreie Lieferung","Standardversand"
"Fehlerfreie Lieferung","Standardversand"
"Fehlerfreie Lieferung","Standardversand"
"Fehlerfreie Lieferung","Standardversand"
"Fehlerfreie Lieferung","Standardversand"
"Fehlerfreie Lieferung","Standardversand"
"Fehlerfreie Lieferung","Standardversand"
"Fehlerfreie Lieferung","Standardversand"
"Fehlerfreie Lieferung","Standardversand"
"Fehlerfreie Lieferung","Standardversand"
"Fehlerfreie Lieferung","Standardversand"
"Fehlerfreie Lieferung","Standardversand"
"Fehlerfreie Lieferung","Standardversand"
"Fehlerfreie Lieferung","Standardversand"
"Fehlerfreie Lieferung","Standardversand"
"Fehlerfreie Lieferung","Standardversand"
"Fehlerfreie Lieferung","Standardversand"
"Fehlerfreie Lieferung","Standardversand"
"Fehlerfreie Lieferung","Standardversand"
"Fehlerfreie Lieferung","Standardversand"
"Fehlerfreie Lieferung","Standardversand"
"Fehlerfreie Lieferung","Standardversand"
"Fehlerfreie Lieferung","Standardversand"
"Fehlerfreie Lieferung","Standardversand"
"Fehlerfreie Lieferung","Standardversand"
"Fehlerfreie Lieferung","Standardversand"
"Fehlerfreie Lieferung","Standardversand"
"Fehlerfreie Lieferung","Standardversand"
"Fehlerfreie Lieferung","Standardversand"
"Fehlerfreie Lieferung","Standardversand"
"Fehlerfreie Lieferung","Standardversand"
"Fehlerfreie Lieferung","Standardversand"
"Fehlerfreie Lieferung","Standardversand"
"Fehlerfreie Lieferung","Standardversand"
"Fehlerfreie Lieferung","Standardversand"
"Fehlerfreie Lieferung","Standardversand"
"Fehlerfreie Lieferung","Standardversand"
"Fehlerfreie Lieferung","Standardversand"
"Fehlerfreie Lieferung","Standardversand"
"Fehlerfreie Lieferung","Standardversand"
"Fehlerfreie Lieferung","Standardversand"
"Fehlerfreie Lieferung","Standardversand"
"Fehlerfreie Lieferung","Standardversand"
"Fehlerfreie Lieferung","Standardversand"
"Fehlerfreie Lieferung","Standardversand"
"Fehlerfreie Lieferung","Standardversand"
"Fehlerfreie Lieferung","Standardversand"
"Fehlerfreie Lieferung","Standardversand"
"Fehlerfreie Lieferung","Standardversand"
"Fehlerfreie Lieferung","Standardversand"
"Fehlerfreie Lieferung","Standardversand"
"Fehlerfreie Lieferung","Standardversand"
"Fehlerfreie Lieferung","Standardversand"
"Fehlerfreie Lieferung","Standardversand"
"Fehlerfreie Lieferung","Standardversand"
"Fehlerfreie Lieferung","Standardversand"
"Fehlerfreie Lieferung","Standardversand"
"Fehlerfreie Lieferung","Standardversand"
"Fehlerfreie Lieferung","Standardversand"
"Fehlerfreie Lieferung","Standardversand"
"Fehlerfreie Lieferung","Standardversand"
"Fehlerfreie Lieferung","Standardversand"
"Fehlerfreie Lieferung","Standardversand"
"Fehlerfreie Lieferung","Standardversand"
"Fehlerfreie Lieferung","Standardversand"
"Fehlerfreie Lieferung","Standardversand"
"Fehlerfreie Lieferung","Standardversand"
"Fehlerfreie Lieferung","Standardversand"
"Fehlerfreie Lieferung","Standardversand"
"Fehlerfreie Lieferung","Standardversand"
"Fehlerfreie Lieferung","Standardversand"
"Fehlerfreie Lieferung","Standardversand"
"Fehlerfreie Lieferung","Standardversand"
"Fehlerfreie Lieferung","Standardversand"
"Fehlerfreie Lieferung","Standardversand"
"Fehlerfreie Lieferung","Standardversand"
"Fehlerfreie Lieferung","Standardversand"
"Fehlerfreie Lieferung","Standardversand"
"Fehlerfreie Lieferung","Standardversand"
"Fehlerfreie Lieferung","Standardversand"
"Fehlerfreie Lieferung","Standardversand"
"Fehlerfreie Lieferung","Standardversand"
"Fehlerfreie Lieferung","Standardversand"
"Fehlerfreie Lieferung","Standardversand"
"Fehlerfreie Lieferung","Standardversand"
"Fehlerfreie Lieferung","Standardversand"
"Fehlerfreie Lieferung","Standardversand"
"Fehlerfreie Lieferung","Standardversand"
"Fehlerfreie Lieferung","Standardversand"
"Fehlerfreie Lieferung","Standardversand"
"Fehlerfreie Lieferung","Standardversand"
"Fehlerfreie Lieferung","Standardversand"
"Fehlerfreie Lieferung","Standardversand"
"Fehlerfreie Lieferung","Standardversand"
"Fehlerfreie Lieferung","Standardversand"
"Fehlerfreie Lieferung","Standardversand"
"Fehlerfreie Lieferung","Standardversand"
"Fehlerfreie Lieferung","Standardversand"
"Fehlerfreie Lieferung","Standardversand"
"Fehlerfreie Lieferung","Standardversand"
"Fehlerfreie Lieferung","Standardversand"
"Fehlerfreie Lieferung","Standardversand"
"Fehlerfreie Lieferung","Standardversand"
"Fehlerfreie Lieferung","Standardversand"
"Fehlerfreie Lieferung","Standardversand"
"Fehlerfreie Lieferung","Standardversand"
"Fehlerfreie Lieferung","Standardversand"
"Fehlerfreie Lieferung","Standardversand"
"Fehlerfreie Lieferung","Standardversand"
"Fehlerfreie Lieferung","Standardversand"
"Fehlerfreie Lieferung","Standardversand"
"Fehlerfreie Lieferung","Standardversand"
"Fehlerfreie Lieferung","Standardversand"
"Fehlerfreie Lieferung","Standardversand"
"Fehlerfreie Lieferung","Standardversand"
"Fehlerfreie Lieferung","Standardversand"
"Fehlerfreie Lieferung","Standardversand"
"Fehlerfreie Lieferung","Standardversand"
"Fehlerfreie Lieferung","Standardversand"
"Fehlerfreie Lieferung","Standardversand"
"Fehlerfreie Lieferung","Standardversand"
"Fehlerfreie Lieferung","Standardversand"
"Fehlerfreie Lieferung","Standardversand"
"Fehlerfreie Lieferung","Standardversand"
"Fehlerfreie Lieferung","Standardversand"
"Fehlerfreie Lieferung","Standardversand"
"Fehlerfreie Lieferung","Standardversand"
"Fehlerfreie Lieferung","Standardversand"
"Fehlerfreie Lieferung","Standardversand"
"Fehlerfreie Lieferung","Standardversand"
"Fehlerfreie Lieferung","Standardversand"
"Fehlerfreie Lieferung","Standardversand"
"Fehlerfreie Lieferung","Standardversand"
"Fehlerfreie Lieferung","Standardversand"
"Fehlerfreie Lieferung","Standardversand"
"Fehlerfreie Lieferung","Standardversand"
"Fehlerfreie Lieferung","Standardversand"
"Fehlerfreie Lieferung","Standardversand"
"Fehlerfreie Lieferung","Standardversand"
"Fehlerfreie Lieferung","Standardversand"
"Fehlerfreie Lieferung","Standardversand"
"Fehlerfreie Lieferung","Standardversand"
"Fehlerfreie Lieferung","Standardversand"
"Fehlerfreie Lieferung","Standardversand"
"Fehlerfreie Lieferung","Standardversand"
"Fehlerfreie Lieferung","Standardversand"
"Fehlerfreie Lieferung","Standardversand"
"Fehlerfreie Lieferung","Standardversand"
"Fehlerfreie Lieferung","Standardversand"
"Fehlerfreie Lieferung","Standardversand"
"Fehlerfreie Lieferung","Standardversand"
"Fehlerfreie Lieferung","Standardversand"
"Fehlerfreie Lieferung","Standardversand"
"Fehlerfreie Lieferung","Standardversand"
"Fehlerfreie Lieferung","Standardversand"
"Fehlerfreie Lieferung","Standardversand"
"Fehlerfreie Lieferung","Standardversand"
"Fehlerfreie Lieferung","Standardversand"
"Fehlerfreie Lieferung","Standardversand"
"Fehlerfreie Lieferung","Standardversand"
"Fehlerfreie Lieferung","Standardversand"
"Fehlerfreie Lieferung","Standardversand"
"Fehlerfreie Lieferung","Standardversand"
"Fehlerfreie Lieferung","Standardversand"
"Fehlerfreie Lieferung","Standardversand"
"Fehlerfreie Lieferung","Standardversand"
"Fehlerfreie Lieferung","Standardversand"
"Fehlerfreie Lieferung","Standardversand"
"Fehlerfreie Lieferung","Standardversand"
"Fehlerfreie Lieferung","Standardversand"
"Fehlerfreie Lieferung","Standardversand"
"Fehlerfreie Lieferung","Standardversand"
"Fehlerfreie Lieferung","Standardversand"
"Fehlerfreie Lieferung","Standardversand"
"Fehlerfreie Lieferung","Standardversand"
"Fehlerfreie Lieferung","Standardversand"
"Fehlerfreie Lieferung","Standardversand"
"Fehlerfreie Lieferung","Standardversand"
"Fehlerfreie Lieferung","Standardversand"
"Fehlerfreie Lieferung","Standardversand"
"Fehlerfreie Lieferung","Standardversand"
"Fehlerfreie Lieferung","Standardversand"
"Fehlerfreie Lieferung","Standardversand"
"Fehlerfreie Lieferung","Standardversand"
"Fehlerfreie Lieferung","Standardversand"
"Fehlerfreie Lieferung","Standardversand"
"Fehlerfreie Lieferung","Standardversand"
"Fehlerfreie Lieferung","Standardversand"
"Fehlerfreie Lieferung","Standardversand"
"Fehlerfreie Lieferung","Standardversand"
"Fehlerfreie Lieferung","Standardversand"
"Fehlerfreie Lieferung","Standardversand"
"Fehlerfreie Lieferung","Standardversand"
"Fehlerfreie Lieferung","Standardversand"
"Fehlerfreie Lieferung","Standardversand"
"Fehlerfreie Lieferung","Standardversand"
"Fehlerfreie Lieferung","Standardversand"
"Fehlerfreie Lieferung","Standardversand"
"Fehlerfreie Lieferung","Standardversand"
"Fehlerfreie Lieferung","Standardversand"
"Fehlerfreie Lieferung","Standardversand"
"Fehlerfreie Lieferung","Standardversand"
"Fehlerfreie Lieferung","Standardversand"
"Fehlerfreie Lieferung","Standardversand"
"Fehlerfreie Lieferung","Standardversand"
"Fehlerfreie Lieferung","Standardversand"
"Fehlerfreie Lieferung","Standardversand"
"Fehlerfreie Lieferung","Standardversand"
"Fehlerfreie Lieferung","Standardversand"
"Fehlerfreie Lieferung","Standardversand"
"Fehlerfreie Lieferung","Standardversand"
"Fehlerfreie Lieferung","Standardversand"
"Fehlerfreie Lieferung","Standardversand"
"Fehlerfreie Lieferung","Standardversand"
"Fehlerfreie Lieferung","Standardversand"
"Fehlerfreie Lieferung","Standardversand"
"Fehlerfreie Lieferung","Standardversand"
"Fehlerfreie Lieferung","Standardversand"
"Fehlerfreie Lieferung","Standardversand"
"Fehlerfreie Lieferung","Standardversand"
"Fehlerfreie Lieferung","Standardversand"
"Fehlerfreie Lieferung","Standardversand"
"Fehlerfreie Lieferung","Standardversand"
"Fehlerfreie Lieferung","Standardversand"
"Fehlerfreie Lieferung","Standardversand"
"Fehlerfreie Lieferung","Standardversand"
"Fehlerfreie Lieferung","Standardversand"
"Fehlerfreie Lieferung","Standardversand"
"Fehlerfreie Lieferung","Standardversand"
"Fehlerfreie Lieferung","Standardversand"
"Fehlerfreie Lieferung","Standardversand"
"Fehlerfreie Lieferung","Standardversand"
"Fehlerfreie Lieferung","Standardversand"
"Fehlerfreie Lieferung","Standardversand"
"Fehlerfreie Lieferung","Standardversand"
"Fehlerfreie Lieferung","Standardversand"
"Fehlerfreie Lieferung","Standardversand"
"Fehlerfreie Lieferung","Standardversand"
"Fehlerfreie Lieferung","Standardversand"
"Fehlerfreie Lieferung","Standardversand"
"Fehlerfreie Lieferung","Standardversand"
"Fehlerfreie Lieferung","Standardversand"
"Fehlerfreie Lieferung","Standardversand"
"Fehlerfreie Lieferung","Standardversand"
"Fehlerfreie Lieferung","Standardversand"
"Fehlerfreie Lieferung","Standardversand"
"Fehlerfreie Lieferung","Standardversand"
"Fehlerfreie Lieferung","Standardversand"
"Fehlerfreie Lieferung","Standardversand"
"Fehlerfreie Lieferung","Standardversand"
"Fehlerfreie Lieferung","Standardversand"
"Fehlerfreie Lieferung","Standardversand"
"Fehlerfreie Lieferung","Standardversand"
"Fehlerfreie Lieferung","Standardversand"
"Fehlerfreie Lieferung","Standardversand"
"Fehlerfreie Lieferung","Standardversand"
"Fehlerfreie Lieferung","Standardversand"
"Fehlerfreie Lieferung","Standardversand"
"Fehlerfreie Lieferung","Standardversand"
